{
	"MainFormHeight" : 717,
	"MainFormWidth" : 928,
	"DateListHeight" : 108,
	"IsNotifyClose" : true,
	"IsShowDateList" : true,
	"ColumnsOrder" : [
		0,
		1,
		2,
		3,
		4,
		5,
		6,
		7,
		8,
		9,
		10,
		11
	],
	"ColumnsWidth" : [
		174,
		161,
		175,
		174,
		176,
		49,
		0,
		0,
		0,
		0,
		0,
		0
	],
	"StartPositionLeft" : 342,
	"StartPositionTop" : 287,
	"TCPingOptions" : {
		"ReverseDnsTimeout" : 3000,
		"Timeout" : 3000,
		"HighLatency" : 300,
		"TCPingInterval" : 60,
		"TimeoutColor" : {
			"R" : 255,
			"G" : 0,
			"B" : 0,
			"A" : 255,
			"IsKnownColor" : true,
			"IsEmpty" : false,
			"IsNamedColor" : true,
			"IsSystemColor" : false,
			"Name" : "Red"
		},
		"HighLatencyColor" : {
			"R" : 255,
			"G" : 127,
			"B" : 80,
			"A" : 255,
			"IsKnownColor" : true,
			"IsEmpty" : false,
			"IsNamedColor" : true,
			"IsSystemColor" : false,
			"Name" : "Coral"
		},
		"LowLatencyColor" : {
			"R" : 0,
			"G" : 128,
			"B" : 0,
			"A" : 255,
			"IsKnownColor" : true,
			"IsEmpty" : false,
			"IsNamedColor" : true,
			"IsSystemColor" : false,
			"Name" : "Green"
		},
		"Title" : ""
	}
}